id,title,type,institution,country,year,matched_variant
/2024903/photography_ProvidedCHO_KU_Leuven_9990751870101488,Vincent van Gogh. Self portrait as painter,IMAGE,Catholic University of Leuven,Belgium,1888,Vincent van Gogh
/2024903/photography_ProvidedCHO_KU_Leuven_9990751940101488,Vincent van Gogh. Korenveld met cypressen,IMAGE,Catholic University of Leuven,Belgium,1889,Vincent van Gogh
/2024903/photography_ProvidedCHO_KU_Leuven_9990752030101488,Vincent van Gogh. Olijfgaard,IMAGE,Catholic University of Leuven,Belgium,1889,Vincent van Gogh
/2024903/photography_ProvidedCHO_KU_Leuven_9990752060101488,Vincent van Gogh. Treurende oude man,IMAGE,Catholic University of Leuven,Belgium,1890,Vincent van Gogh
/2024903/photography_ProvidedCHO_KU_Leuven_9990752070101488,Vincent van Gogh. Landschap in de Provence bij nacht,IMAGE,Catholic University of Leuven,Belgium,1890,Vincent van Gogh
/2024903/photography_ProvidedCHO_KU_Leuven_9990752110101488,Vincent van Gogh. Landschap met trein op de achtergrond,IMAGE,Catholic University of Leuven,Belgium,1890,Vincent van Gogh
/2024903/photography_ProvidedCHO_KU_Leuven_9990752200101488,Vincent van Gogh. Dokter Paul Gachet,IMAGE,Catholic University of Leuven,Belgium,1890,Vincent van Gogh
/2024903/photography_ProvidedCHO_KU_Leuven_9990752210101488,Vincent van Gogh. Père Tanguy,IMAGE,Catholic University of Leuven,Belgium,1887,Vincent van Gogh
/2024903/photography_ProvidedCHO_KU_Leuven_9990752410101488,Vincent van Gogh. La Berceuse (portrait of Madame Roulin),IMAGE,Catholic University of Leuven,Belgium,1889,Vincent van Gogh
/2024903/photography_ProvidedCHO_KU_Leuven_9990752420101488,Vincent van Gogh. The ravine (Les Peiroulets),IMAGE,Catholic University of Leuven,Belgium,1889,Vincent van Gogh
/2024903/photography_ProvidedCHO_KU_Leuven_9990752560101488,Vincent van Gogh. La méridienne,IMAGE,Catholic University of Leuven,Belgium,1890,Vincent van Gogh
/2024903/photography_ProvidedCHO_KU_Leuven_9990752610101488,Vincent van Gogh. Weg achter de pastorietuin te Nuenen,IMAGE,Catholic University of Leuven,Belgium,,Vincent van Gogh
/2024903/photography_ProvidedCHO_KU_Leuven_9990940170101488,Vincent van Gogh. De hut,IMAGE,Catholic University of Leuven,Belgium,1885,Vincent van Gogh
/2024903/photography_ProvidedCHO_KU_Leuven_9990940210101488,Vincent van Gogh. Bridge at Arles (Pont de Langlois),IMAGE,Catholic University of Leuven,Belgium,1888,Vincent van Gogh
/2024903/photography_ProvidedCHO_KU_Leuven_9990940230101488,Vincent van Gogh. Sunflowers,IMAGE,Catholic University of Leuven,Belgium,1889,Vincent van Gogh
/2024903/photography_ProvidedCHO_KU_Leuven_9990940270101488,Vincent van Gogh. The Harvest,IMAGE,Catholic University of Leuven,Belgium,1888,Vincent van Gogh
/2024903/photography_ProvidedCHO_KU_Leuven_9990940300101488,Vincent van Gogh. Portret van Armand Roulin,IMAGE,Catholic University of Leuven,Belgium,1888,Vincent van Gogh
/2024903/photography_ProvidedCHO_KU_Leuven_9990940320101488,Vincent van Gogh. Portret van Marcelle Roulin,IMAGE,Catholic University of Leuven,Belgium,1888,Vincent van Gogh
/1320/https___id_kulturpool_at_8d8cf180_1ee0_484b_8dd7_040785a6418c_cho,Stillleben mit fünf Flaschen,IMAGE,Austrian Gallery Belvedere,Austria,1884,Vincent van Gogh
/1320/https___id_kulturpool_at_d8ee147a_a3c3_438d_8641_92de48813b03_cho,Die Ebene von Auvers,IMAGE,Austrian Gallery Belvedere,Austria,1890,Vincent van Gogh
/2024918/photography_ProvidedCHO_The_Israel_Museum__Jerusalem_308775,Peasant Woman Digging,IMAGE,"The Israel Museum, Jerusalem",Israel,1885,Vincent van Gogh
/2064116/Museu_ProvidedCHO_Nationalmuseum__Sweden_22989,Acacia in Flowers,IMAGE,Nationalmuseum Sweden,Sweden,,Vincent van Gogh
/9200579/ans77zt9,"Paul Ferdinand Gachet. Etching by V. van Gogh, 1890.",IMAGE,Wellcome Collection,United Kingdom,1890,Vincent van Gogh
/773/https___catalonica_bnc_cat_catalonicahub_lod_oai_mdc_csuc_cat_cturistics____7349_ent0,Vincent van Gogh (1853-1890),IMAGE,Digital Memory of Catalonia,Spain,2011,Vincent van Gogh
/2021012/_D58C091103F4D9D5DF15A9BC9A202DCE,Street in Auvers-sur-Oise ; Village Street ; Road at Auvers,IMAGE,Finnish National Gallery,Finland,,"Gogh, Vincent van"
/199/item_2BG5ZFKJX4TMUXVIKJN263J72XL44K4M,Sorrow,IMAGE,German Documentation Center for Art History - Marburg Picture Index,Germany,,"Gogh, Vincent van"
/199/item_2GLVYHXSMT6PAS7NCZ7ZLXWFDPAIG6CH,Am Tisch sitzender Bauer,IMAGE,German Documentation Center for Art History - Marburg Picture Index,Germany,,"Gogh, Vincent van"
/199/item_2JULNTY6HMR6JLHNJHHOPCHEPW3UVHBO,Drei Häuser in Saintes-Maries,IMAGE,German Documentation Center for Art History - Marburg Picture Index,Germany,,"Gogh, Vincent van"
/199/item_2JXHMPR4JFKCIZBSSEFBTIZDSQXFKRJ4,Japonaiserie: Oiran,IMAGE,German Documentation Center for Art History - Marburg Picture Index,Germany,,"Gogh, Vincent van"
/199/item_2KIEN2QZ46JPQ4OEECM5PKRIIUZ5GDG2,Kastanienblatt und Schote,IMAGE,German Documentation Center for Art History - Marburg Picture Index,Germany,,"Gogh, Vincent van"
/199/item_2T5A2FHCIVSOMFDQQ23PFF2U2ZCJYLI4,Kopf einer Bäuerin,IMAGE,German Documentation Center for Art History - Marburg Picture Index,Germany,,"Gogh, Vincent van"
/199/item_2UQEOHX24OCBEL5ZQRLBB3ERXUU2NMLE,Garbenbinder,IMAGE,German Documentation Center for Art History - Marburg Picture Index,Germany,,"Gogh, Vincent van"
/199/item_2XU3Z44KCVJJZC5P7IC5Y2U6F7JVC6DU,Olive trees,IMAGE,German Documentation Center for Art History - Marburg Picture Index,Germany,,"Gogh, Vincent van"
/199/item_2ZUYGKUUIRUMW4UOOKQZ3GQBSZTZHZQC,Olive grove,IMAGE,German Documentation Center for Art History - Marburg Picture Index,Germany,,"Gogh, Vincent van"
/199/item_3KEG5GGMAGQ3ORHWP65YFKPYHVZOXKZQ,Der Weber,IMAGE,German Documentation Center for Art History - Marburg Picture Index,Germany,,"Gogh, Vincent van"
/199/item_3KSBVX2VFD3HRARN3RVZFZ53ZUMG5ANJ,Das Schlafzimmer des Künstlers in Arles,IMAGE,German Documentation Center for Art History - Marburg Picture Index,Germany,,"Gogh, Vincent van"
/199/item_3POCUZMK3IIAHPH7YTMVNWMW63HFKCKF,Der Schnitter mit Sichel,IMAGE,German Documentation Center for Art History - Marburg Picture Index,Germany,,"Gogh, Vincent van"
/199/item_3QBTE5HBWSZQT5EEK2GS7CGC4LYHCKYS,Le Moulin de la Galette,IMAGE,German Documentation Center for Art History - Marburg Picture Index,Germany,,"Gogh, Vincent van"
/199/item_3WBNFYWC26G3TY4WKWFQDTZ6KIGFBPHL,Gebirgslandschaft,IMAGE,German Documentation Center for Art History - Marburg Picture Index,Germany,,"Gogh, Vincent van"
/199/item_422U35NCFAPUFNARIRWH4WGF7D723ZRP,Portrait du Surveillant en Chef de l'Hopital St. Paul,IMAGE,German Documentation Center for Art History - Marburg Picture Index,Germany,,"Gogh, Vincent van"
/199/item_42ZLSN72GFA4GPGLVL7LOJUL7FDMC2YE,Brandung & Barques voguant vers la côte,IMAGE,German Documentation Center for Art History - Marburg Picture Index,Germany,,"Gogh, Vincent van"
/199/item_4DCN74MUICKVGQUZVBTDGDDHCBJMZUSI,Wiese mit Büschen und Bäumen,IMAGE,German Documentation Center for Art History - Marburg Picture Index,Germany,,"Gogh, Vincent van"
/199/item_4DP6YBVXKBZ5LJ7HV6EJASRMYXI5SZYC,Ummauertes Feld mit Garben bei Mondaufgang,IMAGE,German Documentation Center for Art History - Marburg Picture Index,Germany,,"Gogh, Vincent van"
/199/item_4DYJ5XBCYMBBTYNUZ3GHTVWJJEPOTQHS,Kniender Mann mit Sichel,IMAGE,German Documentation Center for Art History - Marburg Picture Index,Germany,,"Gogh, Vincent van"
/199/item_4HG6HRLRSGBNLGB2P3KARJKSWYCOTTR2,Blühender Mandelzweig in einem Glas,IMAGE,German Documentation Center for Art History - Marburg Picture Index,Germany,,"Gogh, Vincent van"
/199/item_4IVHN7JDP3QKQK672ECM246M4B5GOVTB,The yellow house of the artist in Arles,IMAGE,German Documentation Center for Art History - Marburg Picture Index,Germany,,"Gogh, Vincent van"
/199/item_4NH56ONXEAZAFBGJR4W2BMT5X6JJKYE6,Bildnis des Doktor Gachet,IMAGE,German Documentation Center for Art History - Marburg Picture Index,Germany,,"Gogh, Vincent van"
/199/item_4QTK5WWTSG4RX2IAEUGIAMFNWEERSDL3,Les Vessenots à Auvers,IMAGE,German Documentation Center for Art History - Marburg Picture Index,Germany,,"Gogh, Vincent van"
/199/item_4T7HLWWRTECWZDOZMCPMVVBL74ONATMM,Wheat field,IMAGE,German Documentation Center for Art History - Marburg Picture Index,Germany,,"Gogh, Vincent van"
/199/item_4TIE43E6262QM2DRORCJD3V6HOYMXPST,The Bridge of Anglois near Arles,IMAGE,German Documentation Center for Art History - Marburg Picture Index,Germany,,"Gogh, Vincent van"
/199/item_4UXM5MJESGFCG6R36XAZQAM2WVBTLMFR,Weber,IMAGE,German Documentation Center for Art History - Marburg Picture Index,Germany,,"Gogh, Vincent van"
/199/item_4XGOOQDWRSJUSGKQ5MH4CDN6G7BAT7Z2,Blumenstrauß in einer Vase,IMAGE,German Documentation Center for Art History - Marburg Picture Index,Germany,,"Gogh, Vincent van"
/199/item_5E5QBZ2JPH2UM6CFX3LBVAHFV3YPUB27,Street in Eindhoven in the rain,IMAGE,German Documentation Center for Art History - Marburg Picture Index,Germany,,"Gogh, Vincent van"
/199/item_5HOWBD7DPQUBXL5HNIWLBQFLIRKVKD2P,Meadow near Arles,IMAGE,German Documentation Center for Art History - Marburg Picture Index,Germany,,"Gogh, Vincent van"
/199/item_5HTSXYEQZWSEH3VK2TDFZ3JZRLKHYGQP,Les cyprès,IMAGE,German Documentation Center for Art History - Marburg Picture Index,Germany,,"Gogh, Vincent van"
/199/item_5PKSDT2WQSWG42IUZ7U2NAE3IPA3GV3U,The yellow house of the artist in Arles,IMAGE,German Documentation Center for Art History - Marburg Picture Index,Germany,,"Gogh, Vincent van"
/199/item_5QT332O4OVD35HLZ2YF55SPK5DUJOYAD,Weber beim Ordnen von Fäden,IMAGE,German Documentation Center for Art History - Marburg Picture Index,Germany,,"Gogh, Vincent van"
/199/item_5QXJWSOH2XBSU3U52EXOAUGH63W57SKQ,Farm in Provence,IMAGE,German Documentation Center for Art History - Marburg Picture Index,Germany,,"Gogh, Vincent van"
/199/item_5RRK7IP7VIOT6DJ6QTIIWZ7EHBAIAT73,Kartoffelfeld in den Dünen,IMAGE,German Documentation Center for Art History - Marburg Picture Index,Germany,,"Gogh, Vincent van"
/199/item_5RUDD3NAW4S7A2MK2ZC7QG5L6UY5UK5P,Sich bückende Bäuerin,IMAGE,German Documentation Center for Art History - Marburg Picture Index,Germany,,"Gogh, Vincent van"
/199/item_5TGHYJGR7IX5HMUT5FGPNOGC5A2F27O5,L'Arlésienne: Madame Ginoux,IMAGE,German Documentation Center for Art History - Marburg Picture Index,Germany,,"Gogh, Vincent van"
/199/item_5VX25YW7NHZT4HH52WMHZ5VXIILU3GJO,Blühender Ast,IMAGE,German Documentation Center for Art History - Marburg Picture Index,Germany,,"Gogh, Vincent van"
/199/item_6CBJD3QYFV5YJT36GIVIQGQRUWMK7GZJ,Sämann bei untergehender Sonne,IMAGE,German Documentation Center for Art History - Marburg Picture Index,Germany,,"Gogh, Vincent van"
/199/item_6CPHYUKYSZVLERFH465XJF3W7GZ7M55S,Porträt einer Bäuerin,IMAGE,German Documentation Center for Art History - Marburg Picture Index,Germany,,"Gogh, Vincent van"
/199/item_6GCMCIRV7LX6UGCDTA3OMFT7VUFTLJCD,Grabender Bauer,IMAGE,German Documentation Center for Art History - Marburg Picture Index,Germany,,"Gogh, Vincent van"
/199/item_6R54SAZPDMGOMZEV4RTLRBHXBLZZ5RYF,Beet mit Sonnenblumen,IMAGE,German Documentation Center for Art History - Marburg Picture Index,Germany,,"Gogh, Vincent van"
/199/item_6U5NJP7SC5YKZCHF6K3H5TNXZFAYLGSN,Weaver,IMAGE,German Documentation Center for Art History - Marburg Picture Index,Germany,,"Gogh, Vincent van"
/199/item_72ZSMF2JMSTUKWBOQ4BWD7VZ5O2AWVWB,Feld mit Sämann im Regen / Sämann im Regen / La pluie,IMAGE,German Documentation Center for Art History - Marburg Picture Index,Germany,,"Gogh, Vincent van"
/199/item_73OEOGGKBA56T3C7WG4VUKGGNKXQTKRY,"La Berceuse, Bildnis der Madame Roulin",IMAGE,German Documentation Center for Art History - Marburg Picture Index,Germany,,"Gogh, Vincent van"
/199/item_7NHBOWJCRTSQJX2URDQW25KPIXOA6TKS,Selbstbildnis mit Pfeife,IMAGE,German Documentation Center for Art History - Marburg Picture Index,Germany,,"Gogh, Vincent van"
/199/item_A4UR4D3Q4QL264FFGB4UU2AGWUJOISAK,Bergarbeiter im Schnee ('Winter'),IMAGE,German Documentation Center for Art History - Marburg Picture Index,Germany,,"Gogh, Vincent van"
/199/item_ADK5KQHPI2KVKUVHIU7WSEJRGAD65QZ2,Öffentlicher Park in Paris mit Spaziergängern,IMAGE,German Documentation Center for Art History - Marburg Picture Index,Germany,,"Gogh, Vincent van"
/199/item_AJVYY5HOPJ6RRHGWQ7RXJ2LW2NUAVR3R,Der Garten der Heilanstalt in Arles,IMAGE,German Documentation Center for Art History - Marburg Picture Index,Germany,,"Gogh, Vincent van"
/199/item_AMKNYUMCALUIMNJ3RDBAVGL7PF5HCOMV,Evening. Returning from work (after Millet)/returning home from the field,IMAGE,German Documentation Center for Art History - Marburg Picture Index,Germany,,"Gogh, Vincent van"
/199/item_ARKUSORPI37GJJWXQTUC572CQO5KG46R,Selbstbildnis,IMAGE,German Documentation Center for Art History - Marburg Picture Index,Germany,,"Gogh, Vincent van"
/199/item_ARONRL6XSRYKHL5WSXZ7NOYUIPFQGA2F,Les Alyscamps in autumn,IMAGE,German Documentation Center for Art History - Marburg Picture Index,Germany,,"Gogh, Vincent van"
/199/item_ASK5HY2MWBG5RJ2XEJKMKEEOD3SBG2LY,Landschaft mit Feldarbeitern,IMAGE,German Documentation Center for Art History - Marburg Picture Index,Germany,,"Gogh, Vincent van"
/199/item_ATZAV6JFOSDT2IQATXWMUJERI46U2DYC,Die Langlois-Brücke in Arles,IMAGE,German Documentation Center for Art History - Marburg Picture Index,Germany,,"Gogh, Vincent van"
/199/item_AU4A2DUVEK4DKZGITZVHPWYWPHWP7RRJ,The Grote Markt in Antwerp,IMAGE,German Documentation Center for Art History - Marburg Picture Index,Germany,,"Gogh, Vincent van"
/199/item_AVQFIXWSCR5KC7SUYRURG62HADUBJ3CX,Weber am Webstuhl,IMAGE,German Documentation Center for Art History - Marburg Picture Index,Germany,,"Gogh, Vincent van"
/199/item_AVRN7I6V44G7LHSF2XOOT7VU25DQTS35,Orchard with flourishing apricot trees,IMAGE,German Documentation Center for Art History - Marburg Picture Index,Germany,,"Gogh, Vincent van"
/199/item_B2M6C5CHHBQ2NLNVHCPUEGRAMS5A7Y2I,Zuave,IMAGE,German Documentation Center for Art History - Marburg Picture Index,Germany,,"Gogh, Vincent van"
/199/item_B2SU7ULXXMQP42TTFJVE62XFFWUHFRPC,Felder mit gestutztem Baum vor Gebirgslandschaft,IMAGE,German Documentation Center for Art History - Marburg Picture Index,Germany,,"Gogh, Vincent van"
/199/item_B4NKCKYJUJYG5Y6Q55BEE3M7JWYGXCY6,Der Briefträger Roulin,IMAGE,German Documentation Center for Art History - Marburg Picture Index,Germany,,"Gogh, Vincent van"
/199/item_B53Z7VFZVFNN2ATELAHJD4PPXEJZCCDK,Bäume und Sträucher im Park in Saint-Rémy,IMAGE,German Documentation Center for Art History - Marburg Picture Index,Germany,,"Gogh, Vincent van"
/199/item_BCJQFMBQPF7HVBPUVQ2GQL6JQYZBL72Q,Rhônebarken / Die verankerten Boote,IMAGE,German Documentation Center for Art History - Marburg Picture Index,Germany,,"Gogh, Vincent van"
/199/item_BFSGFGVSMSECKWDNUEUSVVDL2LZLVOTJ,Der Schüler,IMAGE,German Documentation Center for Art History - Marburg Picture Index,Germany,,"Gogh, Vincent van"
/199/item_BH2C5DKXBQ6DOU52C6N6FTO34EDXUPRS,Rosen und Sonnenblumen,IMAGE,German Documentation Center for Art History - Marburg Picture Index,Germany,,"Gogh, Vincent van"
/199/item_BHGCD6HC5EFWBW2XKURMYHM3VHC5KIMI,Die Ebene bei Auvers,IMAGE,German Documentation Center for Art History - Marburg Picture Index,Germany,,"Gogh, Vincent van"
/199/item_BQK4CBGTX64MMVOTPY5SZF4IMTET3ZPY,Flourishing orchard,IMAGE,German Documentation Center for Art History - Marburg Picture Index,Germany,,"Gogh, Vincent van"
/199/item_BQN72VK6JZFJPNLI7KXJVR6JCQ76CC2R,Mohnfeld,IMAGE,German Documentation Center for Art History - Marburg Picture Index,Germany,,"Gogh, Vincent van"
/199/item_BR2IOXATURYZWPBQ7CJ2JGKJ5DKTVOTM,Grabender Mann,IMAGE,German Documentation Center for Art History - Marburg Picture Index,Germany,,"Gogh, Vincent van"
/199/item_BTXMIMNZQA4DYYQ24Z537JCGI5RMRC6C,Heimkehr vom Felde,IMAGE,German Documentation Center for Art History - Marburg Picture Index,Germany,,"Gogh, Vincent van"
/199/item_C34H3OTFMCFJKRP7GWSGQEJYMT6KLX4U,Fels mit Bäumen,IMAGE,German Documentation Center for Art History - Marburg Picture Index,Germany,,"Gogh, Vincent van"
/199/item_C3K3HLALOSVVZCVNNEJSUK6IFHMXM7UH,Park Voyer d'Argenson in Asnières,IMAGE,German Documentation Center for Art History - Marburg Picture Index,Germany,,"Gogh, Vincent van"
/199/item_C5SHAUWOKBNAU4S5IZEIIBZJ3NS5GITN,Vase mit Astern und anderen Blumen,IMAGE,German Documentation Center for Art History - Marburg Picture Index,Germany,,"Gogh, Vincent van"
/199/item_CNZXJSCGEIQHRHIDSLNLVNVKBKF4OSQQ,Les Alyscamps,IMAGE,German Documentation Center for Art History - Marburg Picture Index,Germany,,"Gogh, Vincent van"
/199/item_CQY7YOIDPJ5P35QM3YSOUVAUDPUDKWLN,Die Hirtin (nach Millet),IMAGE,German Documentation Center for Art History - Marburg Picture Index,Germany,,"Gogh, Vincent van"
/199/item_CS5XLGBBJVLGZJGDUR2MSIFOF2NTPFQS,Der Sämann,IMAGE,German Documentation Center for Art History - Marburg Picture Index,Germany,,"Gogh, Vincent van"
/199/item_CSOPXS6S35HNQ6Y7MDA3FN7IINX65OHU,Winter Landscape with Walkers,IMAGE,German Documentation Center for Art History - Marburg Picture Index,Germany,,"Gogh, Vincent van"
/199/item_D3IS3ZXOLCUF65XZIJL3FJG456G2ADIU,Alter Weinberg mit Bäuerin,IMAGE,German Documentation Center for Art History - Marburg Picture Index,Germany,,"Gogh, Vincent van"
/199/item_D7QIJ6CTSIIPSNSXO76KIQCX7AVBTRW4,Le Moulin de la Galette,IMAGE,German Documentation Center for Art History - Marburg Picture Index,Germany,,"Gogh, Vincent van"
/199/item_DDQRB7ESGVOUDESK74KROKKJF72T666V,Das Krankenhaus in Arles,IMAGE,German Documentation Center for Art History - Marburg Picture Index,Germany,,"Gogh, Vincent van"
/199/item_DEYRKNIJMAOZHNFNTI3ZEA3CNYJPIRGV,Feld mit Bäumen und das Schloß von Auvers,IMAGE,German Documentation Center for Art History - Marburg Picture Index,Germany,,"Gogh, Vincent van"
/199/item_DKI74RRE2ZG66FW3D5SQ273BMGRWXR52,Stilleben mit Zitrusfrüchten,IMAGE,German Documentation Center for Art History - Marburg Picture Index,Germany,,"Gogh, Vincent van"
/199/item_DOFOUGDZRQERLB57MMFFHO44FBE7SEF2,Poplar Alley with a Figure,IMAGE,German Documentation Center for Art History - Marburg Picture Index,Germany,,"Gogh, Vincent van"
/199/item_DTX5HXX3OGLG5Q3FH7C53RFWXTEUONJ6,Bäume mit Efeu,IMAGE,German Documentation Center for Art History - Marburg Picture Index,Germany,,"Gogh, Vincent van"
/199/item_DUFENGHBP7AKN6LI267YDSGUWUCL7ZUD,The lover - portrait of Lieutenant Milliet,IMAGE,German Documentation Center for Art History - Marburg Picture Index,Germany,,"Gogh, Vincent van"
/199/item_DV2FLXZXRFV7SEKMJKK4TFY42T3FM5TO,Die ersten Schritte (nach Millet) / Der erste Schritt,IMAGE,German Documentation Center for Art History - Marburg Picture Index,Germany,,"Gogh, Vincent van"
/199/item_DXMA2EMFEVU5PBHIS3NOOIT4TVDKCAJX,Sommerabend,IMAGE,German Documentation Center for Art History - Marburg Picture Index,Germany,,"Gogh, Vincent van"
/199/item_DZ7BM3VCNEJDW6U3C33X5WCGHBWFJ4WM,The First Step,IMAGE,German Documentation Center for Art History - Marburg Picture Index,Germany,,"Gogh, Vincent van"
/199/item_E2KPJ57XXD2GSDDITPJZCBFAGJRMNWMP,Schafscherer,IMAGE,German Documentation Center for Art History - Marburg Picture Index,Germany,,"Gogh, Vincent van"
/199/item_ECXGB4FCFG7HRSD3DVLKD5VGCL6G56KN,Selbstbildnis vor der Staffelei,IMAGE,German Documentation Center for Art History - Marburg Picture Index,Germany,,"Gogh, Vincent van"
/199/item_EDKJS532CEETWJDAWNUQZYZ3VRJGAB27,Stilleben mit Äpfeln und Trinkgefäß,IMAGE,German Documentation Center for Art History - Marburg Picture Index,Germany,,"Gogh, Vincent van"
/199/item_EDQTQRZAQ5FVP645L5XKEDEWEJRTHQUT,Drei Bauern mit Spaten auf den Schultern unterwegs im Regen,IMAGE,German Documentation Center for Art History - Marburg Picture Index,Germany,,"Gogh, Vincent van"
/199/item_EOFYS7SBFSYOEF2M3MH56L2Y2ZUBPDSU,Interieur eines Restaurants,IMAGE,German Documentation Center for Art History - Marburg Picture Index,Germany,,"Gogh, Vincent van"
/199/item_EP5OGY6ZTSDKBFZSBP3WN3SVND6IPPQE,Die Sandgrube,IMAGE,German Documentation Center for Art History - Marburg Picture Index,Germany,,"Gogh, Vincent van"
/199/item_EQC7EUJQ4B3MJ7533PVHKMBEP4MNJOS5,"Still Life with Pipe, Onions, Siegellack, Book “Annuaire de la Santé” by F. V. Raspail and Other Objects",IMAGE,German Documentation Center for Art History - Marburg Picture Index,Germany,,"Gogh, Vincent van"
/199/item_EYYTFYKNBSXGQKPT3AJD4GS36E53RGFH,Le Moulin de la Galette,IMAGE,German Documentation Center for Art History - Marburg Picture Index,Germany,,"Gogh, Vincent van"
/199/item_FA3UVR2WVLCZ7I4P5XMR5WTZEUTHRBS5,Sonniger Mittag in Arles,IMAGE,German Documentation Center for Art History - Marburg Picture Index,Germany,,"Gogh, Vincent van"
/199/item_FFHWSJW3MYGWUXWQGAKIN7X2ETFVWOBB,Bauer mit Sichel,IMAGE,German Documentation Center for Art History - Marburg Picture Index,Germany,,"Gogh, Vincent van"
/199/item_FFLO3SEDGMZ4KQYAHXQREWGDX4D4TBD5,Frau auf dem Totenbett,IMAGE,German Documentation Center for Art History - Marburg Picture Index,Germany,,"Gogh, Vincent van"
/199/item_FFZPLXYECEUWEQV7OUNR6WAJSMW5HQOS,"Krebs, auf dem Rücken liegend",IMAGE,German Documentation Center for Art History - Marburg Picture Index,Germany,,"Gogh, Vincent van"
/199/item_FK6SCRQJCTDHXB6J626MEJI2DHUZ5NUK,Frau neben einer Wiege,IMAGE,German Documentation Center for Art History - Marburg Picture Index,Germany,,"Gogh, Vincent van"
/199/item_FN7XDBMUFMIBGG3OZW2PHKNWOVHCEN4D,Wheat field with poppies and a lark,IMAGE,German Documentation Center for Art History - Marburg Picture Index,Germany,,"Gogh, Vincent van"
/199/item_FP4YJWNRKMNOA6AU4ISX7WL5EOQRSAGD,Die Umgebung von Auvers,IMAGE,German Documentation Center for Art History - Marburg Picture Index,Germany,,"Gogh, Vincent van"
/199/item_FWWFONU4W6STAPQBA6YI66HV4UBJR4CD,Entrance of a restaurant in Asnières,IMAGE,German Documentation Center for Art History - Marburg Picture Index,Germany,,"Gogh, Vincent van"
/199/item_GD3SBGYFIOQMRYKIYOTRLOTF7V4V3F64,Bauer beim Mähen mit Sichel,IMAGE,German Documentation Center for Art History - Marburg Picture Index,Germany,,"Gogh, Vincent van"
/199/item_GLW67CZ2WFBUUIB53UFNKNZNPUZ2QYJJ,Street in Montmartre,IMAGE,German Documentation Center for Art History - Marburg Picture Index,Germany,,"Gogh, Vincent van"
/199/item_GN4U4W2BS3Q4ZOBOGMWQ3653O4OHBBHF,Stilleben mit Blumen,IMAGE,German Documentation Center for Art History - Marburg Picture Index,Germany,,"Gogh, Vincent van"
/199/item_GNLQKIJ22PRBCO24IX2WWEOSE3BVOYNP,Der Säemann,IMAGE,German Documentation Center for Art History - Marburg Picture Index,Germany,,"Gogh, Vincent van"
/199/item_GXUZR3XKHIPE5BOY7BSP3GEU72Q6T3YU,Still Life with Potatoes,IMAGE,German Documentation Center for Art History - Marburg Picture Index,Germany,,"Gogh, Vincent van"
/199/item_H66EWHJIJSJC7FRBK75PGRXJEW7YUARF,Bauernfriedhof in Nuenen,IMAGE,German Documentation Center for Art History - Marburg Picture Index,Germany,,"Gogh, Vincent van"
/199/item_H6OB4W5VGRIUIT77JZVB6J73B4ED3FSO,Vier Sonnenblumenblüten,IMAGE,German Documentation Center for Art History - Marburg Picture Index,Germany,,"Gogh, Vincent van"
/199/item_HBKDWW2UZLYZGAFHAHHHHXAENLP665TH,Weg mit Zypressen unter dem Sternenhimmel,IMAGE,German Documentation Center for Art History - Marburg Picture Index,Germany,,"Gogh, Vincent van"
/199/item_HHJT6HB4HP6KLILMT7YZU63VNQFTRUWM,Farmer harvesting with sickle,IMAGE,German Documentation Center for Art History - Marburg Picture Index,Germany,,"Gogh, Vincent van"
/199/item_HKN37AT7OX233DM4S2JAIFYHGEZQYZ6T,Sämann vor untergehender Sonne,IMAGE,German Documentation Center for Art History - Marburg Picture Index,Germany,,"Gogh, Vincent van"
/199/item_HVK2YTSX3YVRJ77ROIW5KWPOHZOFNJIB,Blühender Kastanienbaum,IMAGE,German Documentation Center for Art History - Marburg Picture Index,Germany,,"Gogh, Vincent van"
/199/item_ID7UE2OM46CBS57VDYRYMENV2BQXF3FU,The load carriers,IMAGE,German Documentation Center for Art History - Marburg Picture Index,Germany,,"Gogh, Vincent van"
/199/item_IDCSNPDFE5AZBUEU4KET4X6654LCWFYE,Garden on the hill of Montmartre,IMAGE,German Documentation Center for Art History - Marburg Picture Index,Germany,,"Gogh, Vincent van"
/199/item_IDFMPVIZN67EEWEX2V6X5WHFTG4ZLR4A,Cypresses and four fieldworkers,IMAGE,German Documentation Center for Art History - Marburg Picture Index,Germany,,"Gogh, Vincent van"
/199/item_IQVGWSTJESJQ2U2EIFVI5L6BCRNSZTST,Farmer converting hay or straw,IMAGE,German Documentation Center for Art History - Marburg Picture Index,Germany,,"Gogh, Vincent van"
/199/item_IW4QTVCJLV4IJLEJ54LK5NU2YIAHGK4U,Der Abendspaziergang,IMAGE,German Documentation Center for Art History - Marburg Picture Index,Germany,,"Gogh, Vincent van"
/199/item_IWAWWEUM3A24MNO3MP5VRJPVULXUZ3Q5,Versteigerung von Kreuzen in der Nähe des alten Turmes bei Nuenen,IMAGE,German Documentation Center for Art History - Marburg Picture Index,Germany,,"Gogh, Vincent van"
/199/item_IWKEPTFFD3JLSEGVMHBRPOJEKO45BNI3,Blick aus dem Fenster von Vincents Zimmer in der Rue Lepic,IMAGE,German Documentation Center for Art History - Marburg Picture Index,Germany,,"Gogh, Vincent van"
/199/item_J63DSK43O33FBTCUGSFHAWDSXJDXYN7U,Boulevard de Clichy,IMAGE,German Documentation Center for Art History - Marburg Picture Index,Germany,,"Gogh, Vincent van"
/199/item_JBBIOZ534FQLG6NZ45BO5QJQO3H53BBA,Erinnerung an den Norden,IMAGE,German Documentation Center for Art History - Marburg Picture Index,Germany,,"Gogh, Vincent van"
/199/item_JESEIQLRTQGVYYVEOJMEZAFFWMHZVKPO,Vase with sunflower,IMAGE,German Documentation Center for Art History - Marburg Picture Index,Germany,,"Gogh, Vincent van"
/199/item_JPVSF5ZRVWJBOQDCRSLELQMNCV6PLKTR,Portrait Armand Roulin/Portrait of a Disciple/Portrait of a Young Man/Armand Roulin,IMAGE,German Documentation Center for Art History - Marburg Picture Index,Germany,,"Gogh, Vincent van"
/199/item_JRXPJTTMSHAIT2RRT36BEW4OBDKZ6XLW,The drawbridge,IMAGE,German Documentation Center for Art History - Marburg Picture Index,Germany,,"Gogh, Vincent van"
/199/item_K2HWEZXVND4Y2OBC43COUGM3KTU7CM6S,Landschaft mit Bäumen und Häusern,IMAGE,German Documentation Center for Art History - Marburg Picture Index,Germany,,"Gogh, Vincent van"
/199/item_K2OM5H5RTFRGQ6XBDZUXI5YG2RUNBAST,White lilies,IMAGE,German Documentation Center for Art History - Marburg Picture Index,Germany,,"Gogh, Vincent van"
/199/item_K66MLCYO6MBF3AE4O2SXLARYJBBRIWL2,Grabender Bauer,IMAGE,German Documentation Center for Art History - Marburg Picture Index,Germany,,"Gogh, Vincent van"
/199/item_K7RNYJ6ZDWGYOMC25N5C77LGJSZCS7C3,Pine group near a house,IMAGE,German Documentation Center for Art History - Marburg Picture Index,Germany,,"Gogh, Vincent van"
/199/item_KFD7ZAHSDJB7Q74SM4C6LHWR44BE7UQJ,Schneebedeckte Hütte mit Zypressen und Bauern bei Saint-Rémy,IMAGE,German Documentation Center for Art History - Marburg Picture Index,Germany,,"Gogh, Vincent van"
/199/item_KGFPSKNG4GXSG2QYV6UXZ7UUJIKTIKPS,Farmer and peasant woman working in the field,IMAGE,German Documentation Center for Art History - Marburg Picture Index,Germany,,"Gogh, Vincent van"
/199/item_KOPHPZ4WY4CSYAHE7JKYLQRS5LCYYC5I,"Alte Bäuerin, die nähend am Fenster sitzt",IMAGE,German Documentation Center for Art History - Marburg Picture Index,Germany,,"Gogh, Vincent van"
/199/item_KQ7XNQI7A2RQ7CYEOTZG6OFMEJOGNKRT,Ox cart,IMAGE,German Documentation Center for Art History - Marburg Picture Index,Germany,,"Gogh, Vincent van"
/199/item_KQKQUKXOYSKHKFKNACDK35N6GQPNO2EK,Armed field,IMAGE,German Documentation Center for Art History - Marburg Picture Index,Germany,,"Gogh, Vincent van"
/199/item_KT6MMUWGJR4LKSPBVJIRW4PSSODTBRYT,Weg durch eine Felsenschlucht,IMAGE,German Documentation Center for Art History - Marburg Picture Index,Germany,,"Gogh, Vincent van"
/199/item_KTDSLPMGOEOWMZWPSE56XM3M5JFNEEVL,Die Kartoffelesser,IMAGE,German Documentation Center for Art History - Marburg Picture Index,Germany,,"Gogh, Vincent van"
/199/item_KX42T4ISSCFILC6ZR6MWIWT5TDLTHUGL,Bäuerin,IMAGE,German Documentation Center for Art History - Marburg Picture Index,Germany,,"Gogh, Vincent van"
/199/item_KXI3O5UKGIYCKAELZIH3ELYLZTN64JYV,Still Life with Book Stacks,IMAGE,German Documentation Center for Art History - Marburg Picture Index,Germany,,"Gogh, Vincent van"
/199/item_KXT4CZ7NEUIQZPQED7CA46N5YHM2PUB4,Moulin de la Galette auf dem Montmartre,IMAGE,German Documentation Center for Art History - Marburg Picture Index,Germany,,"Gogh, Vincent van"
/199/item_L2IFEFMDY3V32D4PUFL7TKBZO6K53YTT,Straßenbauer,IMAGE,German Documentation Center for Art History - Marburg Picture Index,Germany,,"Gogh, Vincent van"
/199/item_L5WADESQRXPAILM536S6EPVMRZACD3XZ,Ansicht von Saintes-Maries-de-la-Mer,IMAGE,German Documentation Center for Art History - Marburg Picture Index,Germany,,"Gogh, Vincent van"
/199/item_L6EACFFTPDO2IKT75WPMHIT2PJVG7WDZ,Zimmerplatz und Wäscherei,IMAGE,German Documentation Center for Art History - Marburg Picture Index,Germany,,"Gogh, Vincent van"
/199/item_L7GDMZUEOZ7XBLDEXSOOYPHO6KF7MIKO,Blühende Pfirsichbäume,IMAGE,German Documentation Center for Art History - Marburg Picture Index,Germany,,"Gogh, Vincent van"
/199/item_L7VMNJ4FD7Q6SUWPUPI2AF3MVVED4NCA,Peaked grain field with farmer,IMAGE,German Documentation Center for Art History - Marburg Picture Index,Germany,,"Gogh, Vincent van"
/199/item_L7Y3OO6KV3TU63BQ4J5ZQFFA5EVJFZHD,Bäuerin beim Garbenbinden,IMAGE,German Documentation Center for Art History - Marburg Picture Index,Germany,,"Gogh, Vincent van"
/199/item_LUBQO3CQ4YROPCVMNZX5LSTINFDIRZZ6,Getreidegarben,IMAGE,German Documentation Center for Art History - Marburg Picture Index,Germany,,"Gogh, Vincent van"
/199/item_M3T7VVPNZZEH5V2A42ROCZ3SEV5ECT27,Blick auf Arles,IMAGE,German Documentation Center for Art History - Marburg Picture Index,Germany,,"Gogh, Vincent van"
/199/item_M4UO3FWJB5CDYY22OKZN2TJI6N4IEBUW,Stilleben mit aufgeschlagener Bibel,IMAGE,German Documentation Center for Art History - Marburg Picture Index,Germany,,"Gogh, Vincent van"
/199/item_M5QUHMJ52QGEUDESUITEYDBZIYCUYQKP,Portrait of a Girl (Mademoiselle Ravoux),IMAGE,German Documentation Center for Art History - Marburg Picture Index,Germany,,"Gogh, Vincent van"
/199/item_MFSIHVNZZTLJKJ5T67ZUZHL4KVMN4MLU,Two peasant women working in the field,IMAGE,German Documentation Center for Art History - Marburg Picture Index,Germany,,"Gogh, Vincent van"
/199/item_MHMLLTGI6RURTSEQZ7B4CWLWBOPLK5RJ,"Drei Hände, zwei mit einer Gabel",IMAGE,German Documentation Center for Art History - Marburg Picture Index,Germany,,"Gogh, Vincent van"
/199/item_MMWAQXBLPGQWXTSNPQWNBRLI6EBRSYTH,Wheat field under cloudy sky,IMAGE,German Documentation Center for Art History - Marburg Picture Index,Germany,,"Gogh, Vincent van"
/199/item_MOVFTNTZNKTFXICAG42WOZMQAQG2UINM,Die Wiegefrau (Madame Roulin),IMAGE,German Documentation Center for Art History - Marburg Picture Index,Germany,,"Gogh, Vincent van"
/199/item_MQFI3KI2KX3IZEYZTYWYELKYOPWDLVBO,Vorstadt,IMAGE,German Documentation Center for Art History - Marburg Picture Index,Germany,,"Gogh, Vincent van"
/199/item_MTMZGT2RMLNSEXEZWCF6PJK5PNRSRF6D,The Bridge of Asnières,IMAGE,German Documentation Center for Art History - Marburg Picture Index,Germany,,"Gogh, Vincent van"
/199/item_MTOEWPVNES7HVH2KNR7DMCTT72KTNYFK,Die Garben,IMAGE,German Documentation Center for Art History - Marburg Picture Index,Germany,,"Gogh, Vincent van"
/199/item_N6I6RV6COQD3Z6L6RNNO4XISDZWV4DQ7,Stilleben mit Zitronen,IMAGE,German Documentation Center for Art History - Marburg Picture Index,Germany,,"Gogh, Vincent van"
/199/item_NBD4EQVL6N76OIPPKK4DNZUVYR455KE2,Zypresse unter dem nächtlichen Himmel,IMAGE,German Documentation Center for Art History - Marburg Picture Index,Germany,,"Gogh, Vincent van"
/199/item_NGBJJNICXYTWON76DBSS4RVCD4TZYO76,Still Life,IMAGE,German Documentation Center for Art History - Marburg Picture Index,Germany,,"Gogh, Vincent van"
/199/item_NKPQEBNU2JZDF7V6YPAYPOTCR26PR57C,Blossoming chestnut tree,IMAGE,German Documentation Center for Art History - Marburg Picture Index,Germany,,"Gogh, Vincent van"
/199/item_NMYEPYFHGDZEJUNXEKMN2V3GBDIMYMOU,Ansicht von Arles,IMAGE,German Documentation Center for Art History - Marburg Picture Index,Germany,,"Gogh, Vincent van"
/199/item_NQQYC2WO2LHJ6USOXGPZW4KB52YDDUEU,Terrasse des Cafés La Guinguette,IMAGE,German Documentation Center for Art History - Marburg Picture Index,Germany,,"Gogh, Vincent van"
/199/item_NRJWSMQOQXAWXEH3WNQF6WL3N4SUGEZR,Dutchwoman,IMAGE,German Documentation Center for Art History - Marburg Picture Index,Germany,,"Gogh, Vincent van"
/199/item_NVH4CKFQXOXBY7DSE77W5VRHOAA6VO7P,City Hall of Auvers-sur-Oise,IMAGE,German Documentation Center for Art History - Marburg Picture Index,Germany,,"Gogh, Vincent van"
/199/item_NXEBCI23QNZQPD5EIO7SSL6ZROXAC75R,The Sawer,IMAGE,German Documentation Center for Art History - Marburg Picture Index,Germany,,"Gogh, Vincent van"
/199/item_O5BYGI4CVR3567C2SDRYU4YRGL2GLO4R,Vater Tanguy,IMAGE,German Documentation Center for Art History - Marburg Picture Index,Germany,,"Gogh, Vincent van"
/199/item_O5U5OD3BYNG37HDLPMWCA5QM37FOEAZ3,Zwischen den Festungen von Paris,IMAGE,German Documentation Center for Art History - Marburg Picture Index,Germany,,"Gogh, Vincent van"
/199/item_ODZ74OUL45REDOELYKWXTG53NYZSLTCK,Vase with sunflower,IMAGE,German Documentation Center for Art History - Marburg Picture Index,Germany,,"Gogh, Vincent van"
/199/item_OGLKDQIZEHPCJT7P7ZYDSSLB23FGTCDQ,Der Irrenhausgarten von Saint-Rémy,IMAGE,German Documentation Center for Art History - Marburg Picture Index,Germany,,"Gogh, Vincent van"
/199/item_OQQUJD32VGXMNKKWGUSMPJ5NFFLO62AY,Boote am Ufer,IMAGE,German Documentation Center for Art History - Marburg Picture Index,Germany,,"Gogh, Vincent van"
/199/item_OXK6KBMW464SBZ24DL7F56U5E3B43HQM,Unterholz: Baumstämme mit Efeu,IMAGE,German Documentation Center for Art History - Marburg Picture Index,Germany,,"Gogh, Vincent van"
/199/item_OXMTO63GUFWYKFA626QYT6JC527OAZN3,Stilleben,IMAGE,German Documentation Center for Art History - Marburg Picture Index,Germany,,"Gogh, Vincent van"
/199/item_P2R7UVGMMPLFNFORFV73KMOPCI4Q45TM,Feld mit Heuhaufen,IMAGE,German Documentation Center for Art History - Marburg Picture Index,Germany,,"Gogh, Vincent van"
/199/item_P3SN4IZH2JV2HY3R5W46ZNPK5NTEVIL5,Gebirgslandschaft,IMAGE,German Documentation Center for Art History - Marburg Picture Index,Germany,,"Gogh, Vincent van"
/199/item_P6VP3ZF2V5ZZ2WC3N4NUGK5EOBIIEGIT,Farmer at Pea Peel,IMAGE,German Documentation Center for Art History - Marburg Picture Index,Germany,,"Gogh, Vincent van"
/199/item_PAJCMZDTAWEOO4UUDE7QZ2SH4AZWJ5BP,The Railway Bridge,IMAGE,German Documentation Center for Art History - Marburg Picture Index,Germany,,"Gogh, Vincent van"
/199/item_PCUERGEQQRFK76XB4K4TO3CXGV3A4XUX,Pinienwald im Abendlicht,IMAGE,German Documentation Center for Art History - Marburg Picture Index,Germany,,"Gogh, Vincent van"
/199/item_PDUFBN7DYD3LWQXUXONO2GZL3SBUY3T3,Teich mit Weiden bei Nuenen,IMAGE,German Documentation Center for Art History - Marburg Picture Index,Germany,,"Gogh, Vincent van"
/199/item_PJAEFRW5AK5KWE5A7ATTZX34IFN46BXU,Farmer digging,IMAGE,German Documentation Center for Art History - Marburg Picture Index,Germany,,"Gogh, Vincent van"
/199/item_PL4MG63JDTG3RWCHRADUX2YEAWXQBVIW,Kartoffelernte,IMAGE,German Documentation Center for Art History - Marburg Picture Index,Germany,,"Gogh, Vincent van"
/199/item_PN2LN3Q6HAMEJ3TAZJ2XYYQLEG7I6YLW,Self-portrait,IMAGE,German Documentation Center for Art History - Marburg Picture Index,Germany,,"Gogh, Vincent van"
/199/item_PQNYHGXBZITCD5DJ2YWENDDYQ573FVHX,Porträt eines Mannes,IMAGE,German Documentation Center for Art History - Marburg Picture Index,Germany,,"Gogh, Vincent van"
/199/item_PS74OAJH35INDEUKJ5ASAC7CCEEDPSDI,Der Lehnstuhl Gauguins,IMAGE,German Documentation Center for Art History - Marburg Picture Index,Germany,,"Gogh, Vincent van"
/199/item_PV6MBOQGQRJSN2UBXKZW45KR7XDN5PWZ,Olivenhain,IMAGE,German Documentation Center for Art History - Marburg Picture Index,Germany,,"Gogh, Vincent van"
/199/item_PXFAZ2GFKCUDGO7UDASBLMXHCC5OUVMS,Study of flying swallows,IMAGE,German Documentation Center for Art History - Marburg Picture Index,Germany,,"Gogh, Vincent van"
/199/item_Q5ZLCYQENCL5GRGS3V2JPSF4QZCFRNXG,Blumengarten bei Arles,IMAGE,German Documentation Center for Art History - Marburg Picture Index,Germany,,"Gogh, Vincent van"
/199/item_Q7EVAHHNHVV5MBHMHTJF7XLLCYBEOKOQ,Vase mit Rosen und Pfingstrosen,IMAGE,German Documentation Center for Art History - Marburg Picture Index,Germany,,"Gogh, Vincent van"
/199/item_QAJKTJ4MSWJVN4CW3JGQ4OSOGHDFNLYZ,Die Auferweckung des Lazarus,IMAGE,German Documentation Center for Art History - Marburg Picture Index,Germany,,"Gogh, Vincent van"
/199/item_QPZ7F6PFPIKEO3F23SYDG4GFUDVVFR6V,Weber,IMAGE,German Documentation Center for Art History - Marburg Picture Index,Germany,,"Gogh, Vincent van"
/199/item_QUZGPNWSY5CN4TUPYPB4N6DTAZ4FLVZQ,Garten in Auvers-sur-Oise,IMAGE,German Documentation Center for Art History - Marburg Picture Index,Germany,,"Gogh, Vincent van"
/199/item_QVKDYWMPGBDOSH5FNHTC4OPV6Q6ZLI64,Bildnis des Knaben Camille Roulin,IMAGE,German Documentation Center for Art History - Marburg Picture Index,Germany,,"Gogh, Vincent van"
/199/item_QYKIM5OMXGUJPT3PCZSBY3E3AGDG5K56,Mohnfeld,IMAGE,German Documentation Center for Art History - Marburg Picture Index,Germany,,"Gogh, Vincent van"
/199/item_R2FQKUZQAD2TRSU6NHNWH2ZM3VCO2JN7,Star Night,IMAGE,German Documentation Center for Art History - Marburg Picture Index,Germany,,"Gogh, Vincent van"
/199/item_R5EGRRCREJ4ADNUI5K6O5HXQ233TQQHY,Weiße Rosen,IMAGE,German Documentation Center for Art History - Marburg Picture Index,Germany,,"Gogh, Vincent van"
/199/item_RDL6NIUKILKGQZ2V4W56S5AFT7RJIHDV,Field behind l 'Asilo Saint-Paul,IMAGE,German Documentation Center for Art History - Marburg Picture Index,Germany,,"Gogh, Vincent van"
/199/item_RMRHSVHKLOXNWULSN2BHGN464Y26D32Y,Stilleben mit blauen Handschuhen und einer Schale mit Orangen und Zitronen,IMAGE,German Documentation Center for Art History - Marburg Picture Index,Germany,,"Gogh, Vincent van"
/199/item_RMVSLXTZAJECFQ4HKKI5RMHGR44BD7J4,Parish Garden in Winter,IMAGE,German Documentation Center for Art History - Marburg Picture Index,Germany,,"Gogh, Vincent van"
/199/item_RPGECH5ZPM5DIYTM7Z6FJBSKOMFG4BAH,"Nacktes Mädchen, sitzend",IMAGE,German Documentation Center for Art History - Marburg Picture Index,Germany,,"Gogh, Vincent van"
/199/item_RSYJIZ5Y5OKZHIJUI4KSTUITSUQ74SO4,Alter Mann mit in die Hände gestütztem Kopf,IMAGE,German Documentation Center for Art History - Marburg Picture Index,Germany,,"Gogh, Vincent van"
/199/item_RTS6PSXDZ77JO73KF4ITBK5WRPU6GSPZ,Village angle in Scheveningen,IMAGE,German Documentation Center for Art History - Marburg Picture Index,Germany,,"Gogh, Vincent van"
/199/item_RZVTVYYMHWLYDQ7IPMNRNTAOUPKWQC4L,Le jardin de Daubigny,IMAGE,German Documentation Center for Art History - Marburg Picture Index,Germany,,"Gogh, Vincent van"
/199/item_S2FY7C5Y7JPXJPGYQNBM63ZNGJ6DC2JB,Porträt der Agostina Segatori im Café du Tambourin,IMAGE,German Documentation Center for Art History - Marburg Picture Index,Germany,,"Gogh, Vincent van"
/199/item_SCK5QUXX2ZHNSWPUJO5AGAEHVK5XUPTF,Die Kartoffelesser,IMAGE,German Documentation Center for Art History - Marburg Picture Index,Germany,,"Gogh, Vincent van"
/199/item_SCW6E6VEJKY2ONAMVATK4SQRZCRMPEYF,Porträt einer jungen Frau,IMAGE,German Documentation Center for Art History - Marburg Picture Index,Germany,,"Gogh, Vincent van"
/199/item_SJ7AJDMZUNR7QNNG3MW3ZTBMBYQKPBWV,Das staatliche Lotteriebüro,IMAGE,German Documentation Center for Art History - Marburg Picture Index,Germany,,"Gogh, Vincent van"
/199/item_SK4ZPNCL63T3L564PO3NWS37LAZXKDNQ,Die Suppe der Armen,IMAGE,German Documentation Center for Art History - Marburg Picture Index,Germany,,"Gogh, Vincent van"
/199/item_SKJILT7V5545VSNY26W4WAO4A22A3PRB,Japonaiserie: Bridge in the Rain,IMAGE,German Documentation Center for Art History - Marburg Picture Index,Germany,,"Gogh, Vincent van"
/199/item_SSEZZYPRPB5ZBJ4DA4VBQFYD4MOEBXJS,Café am Marktplatz bei Nacht,IMAGE,German Documentation Center for Art History - Marburg Picture Index,Germany,,"Gogh, Vincent van"
/199/item_SSGDJM5XKNWSA5UUDVFMUF44MV46AXDF,Garden of the Hospital in Arles,IMAGE,German Documentation Center for Art History - Marburg Picture Index,Germany,,"Gogh, Vincent van"
/199/item_ST6NB6NTOYOB4HIBTPEAWOXPPGUW5X2E,Die Hirtin,IMAGE,German Documentation Center for Art History - Marburg Picture Index,Germany,,"Gogh, Vincent van"
/199/item_SXCMQOBG763J7DVWYEIU7GEHD4ZCNXC7,Ein Paar Lederclogs,IMAGE,German Documentation Center for Art History - Marburg Picture Index,Germany,,"Gogh, Vincent van"
/199/item_SYRZU3ISOFN3HJFEYDCJELA3F5DHBHPR,Japonaiserie: Blühender Pflaumenbaum,IMAGE,German Documentation Center for Art History - Marburg Picture Index,Germany,,"Gogh, Vincent van"
/199/item_SZBPPXJW36RKQDKUH7M42UZU5QUS4FSH,Pappelallee bei Nuenen,IMAGE,German Documentation Center for Art History - Marburg Picture Index,Germany,,"Gogh, Vincent van"
/199/item_SZH6XG6C2FOD2PXCL7IVUFUDNGV73P3T,Weizenfeld mit Schnitter bei aufgehender Sonne,IMAGE,German Documentation Center for Art History - Marburg Picture Index,Germany,,"Gogh, Vincent van"
/199/item_T2DJQ6JFNBOETJEOSMUFUBWWSA3YZU32,"Blühende Pfirsichbäume, Souvenir de Mauve",IMAGE,German Documentation Center for Art History - Marburg Picture Index,Germany,,"Gogh, Vincent van"
/199/item_T7QZ2S6J4GGQDGSYAAC4Q3HLDJ2KCZ62,Straßenszene auf dem Montmartre,IMAGE,German Documentation Center for Art History - Marburg Picture Index,Germany,,"Gogh, Vincent van"
/199/item_TBAVXHT3ZRJVP3BN2XUBA5E62O2XXSXY,Flourishing orchard,IMAGE,German Documentation Center for Art History - Marburg Picture Index,Germany,,"Gogh, Vincent van"
/199/item_TBW7OR4JOJWHIJEFSFKOSG6CQMC3SSKT,"La Crau, Sicht vom Mont Major",IMAGE,German Documentation Center for Art History - Marburg Picture Index,Germany,,"Gogh, Vincent van"
/199/item_TC7K4B2GH7GWDW56QYIVXYUT3PUMFE7K,Forest Way,IMAGE,German Documentation Center for Art History - Marburg Picture Index,Germany,,"Gogh, Vincent van"
/199/item_TE64FZ443IJAHAYTKVNQFBYLKEZJ6VWQ,Selbstbildnis mit grauem Filzhut,IMAGE,German Documentation Center for Art History - Marburg Picture Index,Germany,,"Gogh, Vincent van"
/199/item_TI7LSZTCCRJKTX6SJW5Z26R3LAZNCKQB,Alter Mann mit Zylinder und Stock,IMAGE,German Documentation Center for Art History - Marburg Picture Index,Germany,,"Gogh, Vincent van"
/199/item_TJQGFWCWLPHYHZ5HPFK2GJVBWS2RSWTM,haystack,IMAGE,German Documentation Center for Art History - Marburg Picture Index,Germany,,"Gogh, Vincent van"
/199/item_TJR76YCO5C4MLWHWCZYJADXS4B2OSZPB,La Berceuse / Madame Roulin,IMAGE,German Documentation Center for Art History - Marburg Picture Index,Germany,,"Gogh, Vincent van"
/199/item_TKKE77YRYWGOKV4SLIP3SHBE4H6RJ356,Landscape with olive trees,IMAGE,German Documentation Center for Art History - Marburg Picture Index,Germany,,"Gogh, Vincent van"
/199/item_TOOSHTPNEBPDAEUUKQNIQLMIFGQMKZEO,Weizenfeld mit Zypressen,IMAGE,German Documentation Center for Art History - Marburg Picture Index,Germany,,"Gogh, Vincent van"
/199/item_TOPPMLK3GIWX64YW3IDSGL5LJJYFEAWA,Bäuerin transportiert Stroh in der Schürze,IMAGE,German Documentation Center for Art History - Marburg Picture Index,Germany,,"Gogh, Vincent van"
/199/item_TPWPMM3F5MHIPLMM4H6CXJEMRRZ46Q57,Still Life with Iris,IMAGE,German Documentation Center for Art History - Marburg Picture Index,Germany,,"Gogh, Vincent van"
/199/item_TRRC3SE5ZVBRN23GGTDXJQHFHCEU2MBH,Olivenbäume vor den Alpillen / Olivenhain,IMAGE,German Documentation Center for Art History - Marburg Picture Index,Germany,,"Gogh, Vincent van"
/199/item_UJS24ASWYGN4K4M2BBE5ERYLSKH2RDAZ,Olive harvest,IMAGE,German Documentation Center for Art History - Marburg Picture Index,Germany,,"Gogh, Vincent van"
/199/item_UK4EPU37RVYXZ5O4X3SLXZIHAI7M76OG,Stilleben,IMAGE,German Documentation Center for Art History - Marburg Picture Index,Germany,,"Gogh, Vincent van"
/199/item_ULQNH5ZJ3VXRS5VJTOLLALF7QWEAAGGS,Vineyards,IMAGE,German Documentation Center for Art History - Marburg Picture Index,Germany,,"Gogh, Vincent van"
/199/item_UMNRGSYL5VX3O2JYLTQJSBFYW6OUBSYS,Strohhütte bei Einbruch der Dunkelheit,IMAGE,German Documentation Center for Art History - Marburg Picture Index,Germany,,"Gogh, Vincent van"
/199/item_UPWN5ZRKN6AMEX7X2BQKAHUP67OEMYCD,Die Ernte / Der Schnitter,IMAGE,German Documentation Center for Art History - Marburg Picture Index,Germany,,"Gogh, Vincent van"
/199/item_USJZKHQ6KPTVSP2ODDRHHDV4GXN7PUAV,Bauernhaus mit zwei Figuren,IMAGE,German Documentation Center for Art History - Marburg Picture Index,Germany,,"Gogh, Vincent van"
/199/item_UT3BGDUIU6J2OUXLB7RNQQLHJ3MF25LQ,Weizenfeld mit Raben,IMAGE,German Documentation Center for Art History - Marburg Picture Index,Germany,,"Gogh, Vincent van"
/199/item_V5X2YM7XNWZPFP3WXPSH6UMSAZ3R3W2A,Straße mit Telegraphenmast und Kran,IMAGE,German Documentation Center for Art History - Marburg Picture Index,Germany,,"Gogh, Vincent van"
/199/item_V5Z64DGAQXA22KLM7EIWOVRYEWPMSGQO,Flachlandschaft in Arles,IMAGE,German Documentation Center for Art History - Marburg Picture Index,Germany,,"Gogh, Vincent van"
/199/item_VH52H6F4XSJ6QQICEMBD5GSWQWPSUBTM,"La Berceuse, Portrait of Madame Roulin",IMAGE,German Documentation Center for Art History - Marburg Picture Index,Germany,,"Gogh, Vincent van"
/199/item_VRNF2SVUJVLZVSFIHKBZXRGISBFU3SHB,Zeichnung,IMAGE,German Documentation Center for Art History - Marburg Picture Index,Germany,,"Gogh, Vincent van"
/199/item_VUQTSRKUBSTR5CWEL4VF72HZ2FG43MXR,Treppen bei Auvers,IMAGE,German Documentation Center for Art History - Marburg Picture Index,Germany,,"Gogh, Vincent van"
/199/item_VW4JJE5DM5H53BSKKZ6LOCQYMPBBI3BF,Garten im Hospital von Saint-Rémy,IMAGE,German Documentation Center for Art History - Marburg Picture Index,Germany,,"Gogh, Vincent van"
/199/item_VXWAUCF67LZ6VNT5JS4UNBJEVSOSIJ3A,Der 14. Juli (Paris),IMAGE,German Documentation Center for Art History - Marburg Picture Index,Germany,,"Gogh, Vincent van"
/199/item_VZNYUUKXMJXQLKTPR6S3TE3V5K3CCZPI,Meadow with dandelion and tree,IMAGE,German Documentation Center for Art History - Marburg Picture Index,Germany,,"Gogh, Vincent van"
/199/item_VZR4JZDJBIMN2P5KPYUHVYI3GJQE25FC,Steinstufen im Garten des Hospitals Saint-Paul,IMAGE,German Documentation Center for Art History - Marburg Picture Index,Germany,,"Gogh, Vincent van"
/199/item_VZWCIPRDK4VWOGDVH3YX2FW6QE6ZX5H2,Brunnen im Garten des Hospitals bei Saint-Rémy,IMAGE,German Documentation Center for Art History - Marburg Picture Index,Germany,,"Gogh, Vincent van"
/199/item_W3MBL75NNBXLQZQIBQF6FJW7DJUMHTHB,Bauernhaus in Nuenen,IMAGE,German Documentation Center for Art History - Marburg Picture Index,Germany,,"Gogh, Vincent van"
/199/item_W42XI7UBMAKTDVEUJ27HQVBFEDS75SKQ,Pietà,IMAGE,German Documentation Center for Art History - Marburg Picture Index,Germany,,"Gogh, Vincent van"
/199/item_WFBBJK2OUF6BH4TENMF7BJHUIVR5BHH4,Blooming peach tree,IMAGE,German Documentation Center for Art History - Marburg Picture Index,Germany,,"Gogh, Vincent van"
/199/item_WJIB7CAQ6DRWKF2WV5G3JONAY33BXJJO,Self-portrait with gray hat,IMAGE,German Documentation Center for Art History - Marburg Picture Index,Germany,,"Gogh, Vincent van"
/199/item_WJZLOAPATJHIOYJFRX7SENCXNRHUYN57,Vincents Schlafzimmer in Arles,IMAGE,German Documentation Center for Art History - Marburg Picture Index,Germany,,"Gogh, Vincent van"
/199/item_WN3T6YXYHZIYJBBGUUWQ5OWJVZLZE4OE,Garten mit blühenden Bäumen,IMAGE,German Documentation Center for Art History - Marburg Picture Index,Germany,,"Gogh, Vincent van"
/199/item_WS3DCOIDFKH3FBN7UDGRXLIUNZXMILDN,Trauernder alter Mann,IMAGE,German Documentation Center for Art History - Marburg Picture Index,Germany,,"Gogh, Vincent van"
/199/item_WWKGVUA36DYD7DRVGE32YT4OSBSCMT3Q,View of Auvers-sur-Oise,IMAGE,German Documentation Center for Art History - Marburg Picture Index,Germany,,"Gogh, Vincent van"
/199/item_WWNV5JIPNO74AXUNIBUOPIYZZWU7J243,Die Umgebung von Auvers,IMAGE,German Documentation Center for Art History - Marburg Picture Index,Germany,,"Gogh, Vincent van"
/199/item_WXKO7C26JDK2Z7UZI4XWJH75HTDCR23D,Gasse in Les-Saintes-Maries-de-la-Mer,IMAGE,German Documentation Center for Art History - Marburg Picture Index,Germany,,"Gogh, Vincent van"
/199/item_WY67SLI5JF7VZYR3HL6TF7532KZQIG7U,Garten,IMAGE,German Documentation Center for Art History - Marburg Picture Index,Germany,,"Gogh, Vincent van"
/199/item_X2L5H7RZ233KF7W744YWQZJYCPZVGVOS,Marschlandschaft mit Fichten,IMAGE,German Documentation Center for Art History - Marburg Picture Index,Germany,,"Gogh, Vincent van"
/199/item_X2QJA4H5W46FUHPF5IWQ3ZITF724CFNI,Weg in einem öffentlichen Garten,IMAGE,German Documentation Center for Art History - Marburg Picture Index,Germany,,"Gogh, Vincent van"
/199/item_X3IAW77K4X23HDJSWL4VFWRQD2BNTWEP,Selbstbildnis,IMAGE,German Documentation Center for Art History - Marburg Picture Index,Germany,,"Gogh, Vincent van"
/199/item_X4JMDX6AZ2RKAY73WL45VEAYRZ36SYFY,Zeichnung,IMAGE,German Documentation Center for Art History - Marburg Picture Index,Germany,,"Gogh, Vincent van"
/199/item_XE6F5MKZ3RGX3SNI3T56FGTXBJM5GOEI,The Hill of Montmartre,IMAGE,German Documentation Center for Art History - Marburg Picture Index,Germany,,"Gogh, Vincent van"
/199/item_XFFANLASXKJNDTEXHWFIMX4MOTXBYLCD,Die Langlois-Brücke in Arles,IMAGE,German Documentation Center for Art History - Marburg Picture Index,Germany,,"Gogh, Vincent van"
/199/item_XIPARSZVIZMG3ONVF7RT4OHMUMIRK7JZ,Der Schnitter,IMAGE,German Documentation Center for Art History - Marburg Picture Index,Germany,,"Gogh, Vincent van"
/199/item_XJEH7E4J4HBOAWY2MP36FWZ6W2HGSJAF,Spaziergänger im Park mit fallenden Blättern,IMAGE,German Documentation Center for Art History - Marburg Picture Index,Germany,,"Gogh, Vincent van"
/199/item_XNUQSSLZCMS3EOSHIOWTIQ2PGEF3RSTB,Zwei Bäuerinnen beim Graben,IMAGE,German Documentation Center for Art History - Marburg Picture Index,Germany,,"Gogh, Vincent van"
/199/item_XO5QORU6LU6SDSZWX3IPZRWP3QOASFSK,Alter Mann seinen Kopf in den Händen haltend,IMAGE,German Documentation Center for Art History - Marburg Picture Index,Germany,,"Gogh, Vincent van"
/199/item_XOTCHNQBQCTHMGVYKNUI2POOFZ5LBX3S,Vestibül des Hospitals bei Saint-Rémy,IMAGE,German Documentation Center for Art History - Marburg Picture Index,Germany,,"Gogh, Vincent van"
/199/item_XUXR5B2AAW7KO5IPC6EU6PW3F4J5OWSP,Der Holzhauer,IMAGE,German Documentation Center for Art History - Marburg Picture Index,Germany,,"Gogh, Vincent van"
/199/item_XV4UMFQNNG5WL5GIJNLBPFWI427IIJCD,L 'Arlésienne,IMAGE,German Documentation Center for Art History - Marburg Picture Index,Germany,,"Gogh, Vincent van"
/199/item_XW3G4UVP4PNLYC6FPE2BUMZUMPU2KKFG,Landscape with Farmhouses,IMAGE,German Documentation Center for Art History - Marburg Picture Index,Germany,,"Gogh, Vincent van"
/199/item_XYQP5SHO7HC5MTI3RQ35GFWYCB3YT7O6,Der Briefträger Joseph Roulin,IMAGE,German Documentation Center for Art History - Marburg Picture Index,Germany,,"Gogh, Vincent van"
/199/item_Y4UVK7V7IXHND3PJ4RUGGYRM7XYSUMYH,Field with plow and harrow,IMAGE,German Documentation Center for Art History - Marburg Picture Index,Germany,,"Gogh, Vincent van"
/199/item_Y62EXOCWJ56NQTY6DCDPWTB37H7CFA7M,Trees in the garden of Saint-Rémy,IMAGE,German Documentation Center for Art History - Marburg Picture Index,Germany,,"Gogh, Vincent van"
/199/item_YKK262BYNBMBI7OZ4FAJ6TROW4YW436W,Gärten von Montmartre,IMAGE,German Documentation Center for Art History - Marburg Picture Index,Germany,,"Gogh, Vincent van"
/199/item_YOJRNLEJNSOVA2N4A5MCHZGPY53HJPBC,Obstgarten in Arles,IMAGE,German Documentation Center for Art History - Marburg Picture Index,Germany,,"Gogh, Vincent van"
/199/item_YOTYIA4QZVC3BOOWGUDLOSRDPDCRRZWH,Der gute Samariter,IMAGE,German Documentation Center for Art History - Marburg Picture Index,Germany,,"Gogh, Vincent van"
/199/item_YRI3GDG6B2HBQPN3URTZPGJBFTNAI7IZ,Bildnis des Doktor Gachet,IMAGE,German Documentation Center for Art History - Marburg Picture Index,Germany,,"Gogh, Vincent van"
/199/item_YROFA6AN6E5G53LIQTFC4KDPMI54QHK3,Zypressen,IMAGE,German Documentation Center for Art History - Marburg Picture Index,Germany,,"Gogh, Vincent van"
/199/item_YUUHZCH66EOZT4SQX7U6DRAXNJLAK663,Spaziergänger in einem öffentlichen Park im Regen,IMAGE,German Documentation Center for Art History - Marburg Picture Index,Germany,,"Gogh, Vincent van"
/199/item_YUYJNKFCRSHRX3C57TC2ZAWLOZSKOHO6,Weg mit Eingang zu einem Aussichtspunkt,IMAGE,German Documentation Center for Art History - Marburg Picture Index,Germany,,"Gogh, Vincent van"
/199/item_Z53Q445HBQVFBHT72EMZJ7EJP3YUXWGV,Wäscherinnen am Fluß,IMAGE,German Documentation Center for Art History - Marburg Picture Index,Germany,,"Gogh, Vincent van"
/199/item_Z5P34ATPBZHD4Z4TGNJJ4PIHJCATFSHY,Obstgarten in der Provence,IMAGE,German Documentation Center for Art History - Marburg Picture Index,Germany,,"Gogh, Vincent van"
/199/item_Z6PV2I6RNYQGS2SBRETJEUXX66GA5PKK,Mohnfeld,IMAGE,German Documentation Center for Art History - Marburg Picture Index,Germany,,"Gogh, Vincent van"
/199/item_Z7H5LJOAZTDBITMDUAUAVROOJQONCT7F,Mountain landscape with enclosed field at sunrise,IMAGE,German Documentation Center for Art History - Marburg Picture Index,Germany,,"Gogh, Vincent van"
/199/item_ZIMYWHJ7TPOOLAUU66F4IZ5KTZYHJ4WX,Das Pfarrhaus in Nuenen,IMAGE,German Documentation Center for Art History - Marburg Picture Index,Germany,,"Gogh, Vincent van"
/199/item_ZSV6Y27UIUDUIU4XNBX2TEH6XTP3J7QX,"The Zuave, sitting",IMAGE,German Documentation Center for Art History - Marburg Picture Index,Germany,,"Gogh, Vincent van"
/199/item_ZTHIVI5LAWECKH5RDOJ2FT6P2POME47U,Bauer beim Holzhacken,IMAGE,German Documentation Center for Art History - Marburg Picture Index,Germany,,"Gogh, Vincent van"
/199/item_3YO7JW7AC2HPRU7TUVZBDFSKME6PAA5J,Selbstbildnis mit Blumentapete,IMAGE,German Documentation Center for Art History - Marburg Picture Index,Germany,,"Gogh, Vincent van"
/199/item_6OO4OWWWX7E3KTBZZK7VPL4HTADAWIQC,Der Garten der Heilanstalt Saint-Paul-de-Mausole / Der Irrenhausgarten von Saint Rémy / Le parc de l'hôpital (Saint Rémy),IMAGE,German Documentation Center for Art History - Marburg Picture Index,Germany,,"Gogh, Vincent van"
/199/item_CMC72SBZ7LPRY2T64VZJYELVQ2A5QV3V,Portrait of a Woman,IMAGE,German Documentation Center for Art History - Marburg Picture Index,Germany,,"Gogh, Vincent van"
/199/item_O3RK3QWY4PAJISHNKYRLUUISKXZYOAXV,Landschaft bei Arles,IMAGE,German Documentation Center for Art History - Marburg Picture Index,Germany,,"Gogh, Vincent van"
/199/item_T2KQDSD2S3LOWEVIV4MOUREVWNN24YYY,Bildnis des Armand Roulin,IMAGE,German Documentation Center for Art History - Marburg Picture Index,Germany,,"Gogh, Vincent van"
/199/item_URRRIZHA2KTQHSW3GJ6NU7JH6GAGYZW4,Kornfelder mit Mäher,IMAGE,German Documentation Center for Art History - Marburg Picture Index,Germany,,"Gogh, Vincent van"
/199/item_YASL36A46LX2LS2BGL2NWACMALUPWF6U,Die Arena von Arles,IMAGE,German Documentation Center for Art History - Marburg Picture Index,Germany,,"Gogh, Vincent van"
/199/item_YNR2A4HOECRNKWHHQ2LE5G6GNXEKZ7XF,Rain Landscape,IMAGE,German Documentation Center for Art History - Marburg Picture Index,Germany,,"Gogh, Vincent van"
/199/item_ZFNIFI57MQ7UY3W5QTE7FLBDROFNCJFX,Zwei Frauen,IMAGE,German Documentation Center for Art History - Marburg Picture Index,Germany,,"Gogh, Vincent van"
/199/item_ZYE3SCEOPKIB37WZ2EU53PACLQVM4OS2,Harvest/grain field with cutter/Le Moissonneur/Kornfeld with mower at sunrise,IMAGE,German Documentation Center for Art History - Marburg Picture Index,Germany,,"Gogh, Vincent van"
/199/item_NXYPVWAPVD7UO2QAR4D3XZTEM5P6ARXU,At Montmartre,IMAGE,German Documentation Center for Art History - Marburg Picture Index,Germany,,"Gogh, Vincent van"
/199/item_X53ISUGI26BQQK6ZG23XVAUADKROU3D2,Straße in Eindhoven,IMAGE,German Documentation Center for Art History - Marburg Picture Index,Germany,,"Gogh, Vincent van"
/180/10622_753D9215_1F4A_43F2_9C38_1A4703D448A4_cho,"Wever en weefstoel Origineel schilderij in Rijksmuseum Kröller-Müller, Otterlo",IMAGE,International Institute of Social History,Netherlands,1884,"Gogh, Vincent van"
/180/10622_955D1858_4D8D_45F4_9F3A_1B0FF56D1179_cho,"Wever en weefstoel Origineel schilderij in Rijksmuseum Kröller-Müller, Otterlo",IMAGE,International Institute of Social History,Netherlands,1884,"Gogh, Vincent van"
/180/10622_9639403C_3E02_4734_8E41_5D2E1E390F2D_cho,"Uit: Bro 284/4. De Spinster. Origineel schilderij in Stedelijk Museum, Amsterdam; inv.nr.: B 3630",IMAGE,International Institute of Social History,Netherlands,,"Gogh, Vincent van"
/180/10622_99C34C37_CF32_4998_AB85_EC91DA0E0785_cho,"De aardappeleters Origineel schilderij in Rijksmuseum Kröller-Müller, Otterlo",IMAGE,International Institute of Social History,Netherlands,,"Gogh, Vincent van"
/2021602/0680681509D30F3864A32CCE17A36A7C3F395F4D,Brieven aan zijn broeder. Deel 3,TEXT,Digital Library for Dutch Literature,Netherlands,1914,"Gogh, Vincent van"
/2021602/49F6AA722113CEC52AF36FD548085DD223FE21F8,Brieven aan zijn broeder. Deel 1,TEXT,Digital Library for Dutch Literature,Netherlands,1914,"Gogh, Vincent van"
/2021602/8DF27B4CF28C8254E2536DEBA96332C8D4390C18,Brieven aan zijn broeder (3 delen),TEXT,Digital Library for Dutch Literature,Netherlands,1914,"Gogh, Vincent van"
/2021602/A4A05B39CB7D9746E3FD59E55F28FA586860A66A,Brieven aan zijn broeder. Deel 2,TEXT,Digital Library for Dutch Literature,Netherlands,1914,"Gogh, Vincent van"
/199/item_DOIGOBUI4LMIA6RL3YECVHQ3DOWH6ASU,Winter,IMAGE,German Documentation Center for Art History - Marburg Picture Index,Germany,,"Gogh, Vincent van"
/916113/S_FV_object_FVM152624,Tavla,IMAGE,Swedish Air Force Museum,Sweden,,"van Gogh, Vincent"
