title,type,institution,country,year
Vincent van Gogh. Self portrait as painter,IMAGE,Catholic University of Leuven,Belgium,1888
Vincent van Gogh. Wheat Field with Cypresses,IMAGE,Catholic University of Leuven,Belgium,1889
Vincent van Gogh. Olive grove,IMAGE,Catholic University of Leuven,Belgium,1889
Vincent van Gogh. Grieving old man,IMAGE,Catholic University of Leuven,Belgium,1890
Vincent van Gogh. Landscape in Provence by night,IMAGE,Catholic University of Leuven,Belgium,1890
Vincent van Gogh. Landscape with train in the background,IMAGE,Catholic University of Leuven,Belgium,1890
Vincent van Gogh. Doctor Paul Gachet,IMAGE,Catholic University of Leuven,Belgium,1890
Vincent van Gogh. Pere Tanguy,IMAGE,Catholic University of Leuven,Belgium,1887
Vincent van Gogh. La Berceuse (portrait of Madame Roulin),IMAGE,Catholic University of Leuven,Belgium,1889
Vincent van Gogh. The ravine (Les Peiroulets),IMAGE,Catholic University of Leuven,Belgium,1889
Vincent van Gogh. La meridienne,IMAGE,Catholic University of Leuven,Belgium,1890
Vincent van Gogh. Road behind the parsonage garden in Nuenen,IMAGE,Catholic University of Leuven,Belgium,
Vincent van Gogh. De hut,IMAGE,Catholic University of Leuven,Belgium,1885
Vincent van Gogh. Bridge at Arles (Pont de Langlois),IMAGE,Catholic University of Leuven,Belgium,1888
Vincent van Gogh. Sunflowers,IMAGE,Catholic University of Leuven,Belgium,1889
Vincent van Gogh. The Harvest,IMAGE,Catholic University of Leuven,Belgium,1888
Vincent van Gogh. Portret van Armand Roulin,IMAGE,Catholic University of Leuven,Belgium,1888
Vincent van Gogh. Portret van Marcelle Roulin,IMAGE,Catholic University of Leuven,Belgium,1888
Stillleben mit funf Flaschen,IMAGE,Austrian Gallery Belvedere,Austria,1884
Die Ebene von Auvers,IMAGE,Austrian Gallery Belvedere,Austria,1890
Peasant Woman Digging,IMAGE,"The Israel Museum, Jerusalem",Israel,1885
Acacia in Flowers,IMAGE,Nationalmuseum Sweden,Sweden,
"Paul Ferdinand Gachet. Etching by V. van Gogh, 1890.",IMAGE,Wellcome Collection,United Kingdom,1890
Vincent van Gogh (1853-1890),IMAGE,Digital Memory of Catalonia,Spain,2011
